{"skeleton":{"hash":"dlBL6vHtTsTmIbhfg3lAjN4SzlA","spine":"3.7.89","width":207,"height":257,"images":"./images/","audio":""},"bones":[{"name":"root"},{"name":"position","parent":"root","y":1,"scaleX":0.4,"scaleY":0.4},{"name":"center","parent":"position","x":-45.69,"y":277.91},{"name":"body","parent":"center","length":119.31,"rotation":82.8,"x":2.74,"y":9.73},{"name":"body2","parent":"body","length":40.4,"rotation":-12.63,"x":119.31},{"name":"neck","parent":"body2","length":26.15,"rotation":14.01,"x":56.37,"y":-4.6},{"name":"leg1r","parent":"center","length":81.74,"rotation":-87.67,"x":-16.03,"y":-18.4},{"name":"leg2r","parent":"leg1r","length":68.05,"rotation":3.27,"x":84.99,"y":-0.37},{"name":"footr","parent":"leg2r","length":39.86,"rotation":-7.51,"x":72.55,"y":-1.78},{"name":"legr","parent":"position","x":-53.67,"y":104.37,"color":"ff3f00ff"},{"name":"footr2","parent":"position","x":-57.03,"y":54.73,"color":"ff3f00ff"},{"name":"book","parent":"body","rotation":-82.8,"x":-279.99,"y":-78.66,"scaleX":2.5,"scaleY":2.5}],"slots":[{"name":"凳子","bone":"root"},{"name":"footR_normal","bone":"footr","attachment":"b_footr"}],"ik":[{"name":"footr","order":1,"bones":["footr"],"target":"footr2"},{"name":"legr","order":0,"bones":["leg1r","leg2r"],"target":"legr","mix":0.5}],"skins":{"default":{},"candy_Christmas":{"footR_normal":{"b_footr":{"name":"shendan/zuoxiezi","x":1.71,"y":9.33,"rotation":93.27,"width":78,"height":87}}},"england_Time":{"footR_normal":{"b_footr":{"name":"yinlun/youjiao","x":-0.88,"y":10.52,"rotation":93.27,"width":92,"height":91}}},"fall_Ancient":{"footR_normal":{"b_footr":{"name":"footR_skin1","type":"mesh","uvs":[1,1,0,1,0,0,1,0],"triangles":[1,2,3,1,3,0],"vertices":[41.51,46.68,45.22,-22.22,-31.66,-26.36,-35.37,42.54],"hull":4,"edges":[0,2,2,4,4,6,0,6],"width":69,"height":77}}},"init_Student":{"footR_normal":{"b_footr":{"name":"footR2_normal","x":1.14,"y":25.64,"rotation":93.08,"width":92,"height":85}}},"simple_Peret":{"footR_normal":{"b_footr":{"name":"dj/zuoxiezi","x":15.81,"y":12.28,"rotation":93.08,"width":74,"height":80}}},"sport_suit":{"footR_normal":{"b_footr":{"name":"yundong/youjiao","x":11.95,"y":10.13,"rotation":93.27,"width":68,"height":77}}},"trend_fashion":{"footR_normal":{"b_footr":{"name":"tuomasi/youjiao","x":27.14,"y":8.81,"rotation":93.27,"width":67,"height":72}}},"winter_warm":{"footR_normal":{"b_footr":{"name":"qiaoyi/youxiezi","x":4.09,"y":13.57,"rotation":93.27,"width":71,"height":84}}}},"events":{"stop":{}},"animations":{"chudi":{"slots":{"凳子":{"color":[{"time":0,"color":"ffffff00","curve":"stepped"},{"time":1.6667,"color":"ffffff00","curve":"stepped"},{"time":3.3333,"color":"ffffff00"}]}},"bones":{"root":{"rotate":[{"time":0,"angle":0,"curve":"stepped"},{"time":1.6667,"angle":0,"curve":"stepped"},{"time":3.3333,"angle":0}],"translate":[{"time":0,"x":0,"y":0,"curve":"stepped"},{"time":1.6667,"x":0,"y":0,"curve":"stepped"},{"time":3.3333,"x":0,"y":0}],"scale":[{"time":0,"x":1,"y":1,"curve":"stepped"},{"time":1.6667,"x":1,"y":1,"curve":"stepped"},{"time":3.3333,"x":1,"y":1}],"shear":[{"time":0,"x":0,"y":0,"curve":"stepped"},{"time":1.6667,"x":0,"y":0,"curve":"stepped"},{"time":3.3333,"x":0,"y":0}]},"position":{"rotate":[{"time":0,"angle":4.29,"curve":"stepped"},{"time":1.6667,"angle":4.29,"curve":"stepped"},{"time":3.3333,"angle":4.29}],"translate":[{"time":0,"x":0,"y":0,"curve":"stepped"},{"time":1.6667,"x":0,"y":0,"curve":"stepped"},{"time":3.3333,"x":0,"y":0}],"scale":[{"time":0,"x":1,"y":1,"curve":"stepped"},{"time":1.6667,"x":1,"y":1,"curve":"stepped"},{"time":3.3333,"x":1,"y":1}],"shear":[{"time":0,"x":0,"y":0,"curve":"stepped"},{"time":1.6667,"x":0,"y":0,"curve":"stepped"},{"time":3.3333,"x":0,"y":0}]},"center":{"rotate":[{"time":0,"angle":0,"curve":"stepped"},{"time":1.6667,"angle":0,"curve":"stepped"},{"time":3.3333,"angle":0}],"translate":[{"time":0,"x":0,"y":0,"curve":[0.25,0,0.75,1]},{"time":0.8333,"x":0,"y":-5.01,"curve":[0.25,0,0.75,1]},{"time":1.6667,"x":0,"y":0,"curve":[0.25,0,0.75,1]},{"time":2.5,"x":0,"y":-5.01,"curve":[0.25,0,0.75,1]},{"time":3.3333,"x":0,"y":0}],"scale":[{"time":0,"x":1,"y":1,"curve":"stepped"},{"time":1.6667,"x":1,"y":1,"curve":"stepped"},{"time":3.3333,"x":1,"y":1}],"shear":[{"time":0,"x":0,"y":0,"curve":"stepped"},{"time":1.6667,"x":0,"y":0,"curve":"stepped"},{"time":3.3333,"x":0,"y":0}]},"body":{"rotate":[{"time":0,"angle":0,"curve":[0.317,0,0.651,0.35]},{"time":0.1333,"angle":-6.04,"curve":[0.326,0.27,0.66,0.61]},{"time":0.3,"angle":-12.74,"curve":[0.318,0.24,0.653,0.58]},{"time":0.4,"angle":28.1,"curve":[0.305,0.23,0.756,1]},{"time":0.6667,"angle":13.37,"curve":[0.317,0,0.651,0.35]},{"time":0.9667,"angle":0,"curve":[0.317,0,0.651,0.35]},{"time":1.1667,"angle":-6.04,"curve":[0.326,0.27,0.66,0.61]},{"time":1.4333,"angle":-12.74,"curve":[0.318,0.24,0.653,0.58]},{"time":1.6,"angle":28.1,"curve":[0.305,0.23,0.756,1]},{"time":2,"angle":14.97,"curve":[0.317,0,0.651,0.35]},{"time":2.3333,"angle":0,"curve":[0.317,0,0.651,0.35]},{"time":2.4667,"angle":-6.04,"curve":[0.326,0.27,0.66,0.61]},{"time":2.6333,"angle":-12.74,"curve":[0.318,0.24,0.653,0.58]},{"time":2.8,"angle":28.1,"curve":[0.305,0.23,0.756,1]},{"time":3,"angle":11.32,"curve":[0.317,0,0.651,0.35]},{"time":3.3333,"angle":0}],"translate":[{"time":0,"x":0,"y":0,"curve":"stepped"},{"time":0.6667,"x":0,"y":0,"curve":"stepped"},{"time":0.9667,"x":0,"y":0,"curve":"stepped"},{"time":2,"x":0,"y":0,"curve":"stepped"},{"time":2.3333,"x":0,"y":0,"curve":"stepped"},{"time":3,"x":0,"y":0,"curve":"stepped"},{"time":3.3333,"x":0,"y":0}],"scale":[{"time":0,"x":1,"y":1,"curve":"stepped"},{"time":0.6667,"x":1,"y":1,"curve":"stepped"},{"time":0.9667,"x":1,"y":1,"curve":"stepped"},{"time":2,"x":1,"y":1,"curve":"stepped"},{"time":2.3333,"x":1,"y":1,"curve":"stepped"},{"time":3,"x":1,"y":1,"curve":"stepped"},{"time":3.3333,"x":1,"y":1}],"shear":[{"time":0,"x":0,"y":0,"curve":"stepped"},{"time":0.6667,"x":0,"y":0,"curve":"stepped"},{"time":0.9667,"x":0,"y":0,"curve":"stepped"},{"time":2,"x":0,"y":0,"curve":"stepped"},{"time":2.3333,"x":0,"y":0,"curve":"stepped"},{"time":3,"x":0,"y":0,"curve":"stepped"},{"time":3.3333,"x":0,"y":0}]},"body2":{"rotate":[{"time":0,"angle":0,"curve":"stepped"},{"time":1.6667,"angle":0,"curve":"stepped"},{"time":3.3333,"angle":0}],"translate":[{"time":0,"x":0,"y":0,"curve":"stepped"},{"time":1.6667,"x":0,"y":0,"curve":"stepped"},{"time":3.3333,"x":0,"y":0}],"scale":[{"time":0,"x":1,"y":1,"curve":"stepped"},{"time":1.6667,"x":1,"y":1,"curve":"stepped"},{"time":3.3333,"x":1,"y":1}],"shear":[{"time":0,"x":0,"y":0,"curve":"stepped"},{"time":1.6667,"x":0,"y":0,"curve":"stepped"},{"time":3.3333,"x":0,"y":0}]},"neck":{"rotate":[{"time":0,"angle":0,"curve":[0.292,0,0.63,0.37]},{"time":0.3,"angle":9.83,"curve":[0.321,0.28,0.655,0.62]},{"time":0.4,"angle":-22.52,"curve":[0.331,0.32,0.758,1]},{"time":0.9667,"angle":0,"curve":[0.292,0,0.63,0.37]},{"time":1.4333,"angle":9.83,"curve":[0.321,0.28,0.655,0.62]},{"time":1.6,"angle":-22.52,"curve":[0.331,0.32,0.758,1]},{"time":2.1,"angle":0,"curve":[0.312,0,0.646,0.35]},{"time":2.6333,"angle":11.75,"curve":[0.327,0.29,0.661,0.62]},{"time":2.8,"angle":-17.12,"curve":[0.321,0.27,0.655,0.6]},{"time":3.3333,"angle":0}],"translate":[{"time":0,"x":0,"y":0,"curve":"stepped"},{"time":0.9667,"x":0,"y":0,"curve":"stepped"},{"time":2.1,"x":0,"y":0,"curve":"stepped"},{"time":3.3333,"x":0,"y":0}],"scale":[{"time":0,"x":1,"y":1,"curve":"stepped"},{"time":0.9667,"x":1,"y":1,"curve":"stepped"},{"time":2.1,"x":1,"y":1,"curve":"stepped"},{"time":3.3333,"x":1,"y":1}],"shear":[{"time":0,"x":0,"y":0,"curve":"stepped"},{"time":0.9667,"x":0,"y":0,"curve":"stepped"},{"time":2.1,"x":0,"y":0,"curve":"stepped"},{"time":3.3333,"x":0,"y":0}]},"leg1r":{"rotate":[{"time":0,"angle":-49.78,"curve":"stepped"},{"time":1.6667,"angle":-49.78,"curve":"stepped"},{"time":3.3333,"angle":-49.78}],"translate":[{"time":0,"x":0,"y":0,"curve":"stepped"},{"time":1.6667,"x":0,"y":0,"curve":"stepped"},{"time":3.3333,"x":0,"y":0}],"scale":[{"time":0,"x":1,"y":1,"curve":"stepped"},{"time":1.6667,"x":1,"y":1,"curve":"stepped"},{"time":3.3333,"x":1,"y":1}],"shear":[{"time":0,"x":0,"y":0,"curve":"stepped"},{"time":1.6667,"x":0,"y":0,"curve":"stepped"},{"time":3.3333,"x":0,"y":0}]},"leg2r":{"rotate":[{"time":0,"angle":0,"curve":"stepped"},{"time":1.6667,"angle":0,"curve":"stepped"},{"time":3.3333,"angle":0}],"translate":[{"time":0,"x":0,"y":0,"curve":"stepped"},{"time":1.6667,"x":0,"y":0,"curve":"stepped"},{"time":3.3333,"x":0,"y":0}],"scale":[{"time":0,"x":1,"y":1,"curve":"stepped"},{"time":1.6667,"x":1,"y":1,"curve":"stepped"},{"time":3.3333,"x":1,"y":1}],"shear":[{"time":0,"x":0,"y":0,"curve":"stepped"},{"time":1.6667,"x":0,"y":0,"curve":"stepped"},{"time":3.3333,"x":0,"y":0}]},"footr":{"rotate":[{"time":0,"angle":3.2,"curve":[0.25,0,0.75,1]},{"time":1.6667,"angle":0.14,"curve":"stepped"},{"time":3.3333,"angle":0.14}],"translate":[{"time":0,"x":0,"y":0,"curve":"stepped"},{"time":1.6667,"x":0,"y":0,"curve":"stepped"},{"time":3.3333,"x":0,"y":0}],"scale":[{"time":0,"x":1,"y":1,"curve":"stepped"},{"time":1.6667,"x":1,"y":1,"curve":"stepped"},{"time":3.3333,"x":1,"y":1}],"shear":[{"time":0,"x":0,"y":0,"curve":"stepped"},{"time":1.6667,"x":0,"y":0,"curve":"stepped"},{"time":3.3333,"x":0,"y":0}]},"legr":{"rotate":[{"time":0,"angle":0,"curve":"stepped"},{"time":1.6667,"angle":0,"curve":"stepped"},{"time":3.3333,"angle":0}],"translate":[{"time":0,"x":20.59,"y":-13.43,"curve":"stepped"},{"time":1.6667,"x":20.59,"y":-13.43,"curve":"stepped"},{"time":3.3333,"x":20.59,"y":-13.43}],"scale":[{"time":0,"x":1,"y":1,"curve":"stepped"},{"time":1.6667,"x":1,"y":1,"curve":"stepped"},{"time":3.3333,"x":1,"y":1}],"shear":[{"time":0,"x":0,"y":0,"curve":"stepped"},{"time":1.6667,"x":0,"y":0,"curve":"stepped"},{"time":3.3333,"x":0,"y":0}]},"footr2":{"rotate":[{"time":0,"angle":0,"curve":"stepped"},{"time":1.6667,"angle":0,"curve":"stepped"},{"time":3.3333,"angle":0}],"translate":[{"time":0,"x":-124.08,"y":-117.33,"curve":"stepped"},{"time":1.6667,"x":-124.08,"y":-117.33,"curve":"stepped"},{"time":3.3333,"x":-124.08,"y":-117.33}],"scale":[{"time":0,"x":1,"y":1,"curve":"stepped"},{"time":1.6667,"x":1,"y":1,"curve":"stepped"},{"time":3.3333,"x":1,"y":1}],"shear":[{"time":0,"x":0,"y":0,"curve":"stepped"},{"time":1.6667,"x":0,"y":0,"curve":"stepped"},{"time":3.3333,"x":0,"y":0}]},"book":{"rotate":[{"time":0,"angle":0,"curve":"stepped"},{"time":1.6667,"angle":0,"curve":"stepped"},{"time":3.3333,"angle":0}],"translate":[{"time":0,"x":0,"y":0,"curve":"stepped"},{"time":1.6667,"x":0,"y":0,"curve":"stepped"},{"time":3.3333,"x":0,"y":0}],"scale":[{"time":0,"x":1,"y":1,"curve":"stepped"},{"time":1.6667,"x":1,"y":1,"curve":"stepped"},{"time":3.3333,"x":1,"y":1}],"shear":[{"time":0,"x":0,"y":0,"curve":"stepped"},{"time":1.6667,"x":0,"y":0,"curve":"stepped"},{"time":3.3333,"x":0,"y":0}]}},"ik":{"footr":[{"time":0,"curve":"stepped"},{"time":1.6667,"curve":"stepped"},{"time":3.3333}],"legr":[{"time":0,"mix":0.5,"curve":"stepped"},{"time":1.6667,"mix":0.5,"curve":"stepped"},{"time":3.3333,"mix":0.5}]}},"moyu":{"slots":{"凳子":{"color":[{"time":0,"color":"ffffff00"}]}},"bones":{"root":{"rotate":[{"time":0,"angle":0,"curve":"stepped"},{"time":6.6667,"angle":0}],"translate":[{"time":0,"x":0,"y":0,"curve":"stepped"},{"time":6.6667,"x":0,"y":0}],"scale":[{"time":0,"x":1,"y":1,"curve":"stepped"},{"time":6.6667,"x":1,"y":1}],"shear":[{"time":0,"x":0,"y":0,"curve":"stepped"},{"time":6.6667,"x":0,"y":0}]},"book":{"rotate":[{"time":0,"angle":0,"curve":"stepped"},{"time":1.6667,"angle":0,"curve":"stepped"},{"time":3.3333,"angle":0,"curve":"stepped"},{"time":5,"angle":0,"curve":"stepped"},{"time":6.6667,"angle":0}],"translate":[{"time":0,"x":0,"y":0,"curve":"stepped"},{"time":1.6667,"x":0,"y":0,"curve":"stepped"},{"time":3.3333,"x":0,"y":0,"curve":"stepped"},{"time":5,"x":0,"y":0,"curve":"stepped"},{"time":6.6667,"x":0,"y":0}],"scale":[{"time":0,"x":1,"y":1,"curve":"stepped"},{"time":1.6667,"x":1,"y":1,"curve":"stepped"},{"time":3.3333,"x":1,"y":1,"curve":"stepped"},{"time":5,"x":1,"y":1,"curve":"stepped"},{"time":6.6667,"x":1,"y":1}],"shear":[{"time":0,"x":0,"y":0,"curve":"stepped"},{"time":1.6667,"x":0,"y":0,"curve":"stepped"},{"time":3.3333,"x":0,"y":0,"curve":"stepped"},{"time":5,"x":0,"y":0,"curve":"stepped"},{"time":6.6667,"x":0,"y":0}]},"center":{"rotate":[{"time":0,"angle":0,"curve":"stepped"},{"time":1.6667,"angle":0,"curve":"stepped"},{"time":3.3333,"angle":0,"curve":"stepped"},{"time":5,"angle":0,"curve":"stepped"},{"time":6.6667,"angle":0}],"translate":[{"time":0,"x":0,"y":0,"curve":[0.25,0,0.75,1]},{"time":0.8333,"x":0,"y":-5.01,"curve":[0.25,0,0.75,1]},{"time":1.6667,"x":0,"y":0,"curve":[0.25,0,0.75,1]},{"time":2.5,"x":0,"y":-5.01,"curve":[0.25,0,0.75,1]},{"time":3.3333,"x":0,"y":0,"curve":[0.25,0,0.75,1]},{"time":4.1667,"x":0,"y":-5.01,"curve":[0.25,0,0.75,1]},{"time":5,"x":0,"y":0,"curve":[0.25,0,0.75,1]},{"time":5.8333,"x":0,"y":-5.01,"curve":[0.25,0,0.75,1]},{"time":6.6667,"x":0,"y":0}],"scale":[{"time":0,"x":1,"y":1,"curve":"stepped"},{"time":1.6667,"x":1,"y":1,"curve":"stepped"},{"time":3.3333,"x":1,"y":1,"curve":"stepped"},{"time":5,"x":1,"y":1,"curve":"stepped"},{"time":6.6667,"x":1,"y":1}],"shear":[{"time":0,"x":0,"y":0,"curve":"stepped"},{"time":1.6667,"x":0,"y":0,"curve":"stepped"},{"time":3.3333,"x":0,"y":0,"curve":"stepped"},{"time":5,"x":0,"y":0,"curve":"stepped"},{"time":6.6667,"x":0,"y":0}]},"body":{"rotate":[{"time":0,"angle":0,"curve":[0.269,0,0.618,0.42]},{"time":0.5,"angle":10.02,"curve":[0.32,0.29,0.667,0.67]},{"time":0.9,"angle":6.22,"curve":[0.346,0.38,0.684,0.73]},{"time":1.2333,"angle":3.69,"curve":[0.377,0.61,0.72,1]},{"time":1.6667,"angle":0,"curve":[0.243,0,0.675,0.7]},{"time":2.0333,"angle":5.9,"curve":"stepped"},{"time":4.5667,"angle":5.9,"curve":[0.353,0.43,0.689,0.77]},{"time":6.6667,"angle":0}],"translate":[{"time":0,"x":0,"y":0,"curve":"stepped"},{"time":1.6667,"x":0,"y":0,"curve":"stepped"},{"time":6.6667,"x":0,"y":0}],"scale":[{"time":0,"x":1,"y":1,"curve":"stepped"},{"time":1.6667,"x":1,"y":1,"curve":"stepped"},{"time":6.6667,"x":1,"y":1}],"shear":[{"time":0,"x":0,"y":0,"curve":"stepped"},{"time":1.6667,"x":0,"y":0,"curve":"stepped"},{"time":6.6667,"x":0,"y":0}]},"legr":{"rotate":[{"time":0,"angle":0,"curve":"stepped"},{"time":1.6667,"angle":0,"curve":"stepped"},{"time":3.3333,"angle":0,"curve":"stepped"},{"time":5,"angle":0}],"translate":[{"time":0,"x":20.59,"y":-13.43,"curve":"stepped"},{"time":1.6667,"x":20.59,"y":-13.43,"curve":"stepped"},{"time":3.3333,"x":20.59,"y":-13.43,"curve":"stepped"},{"time":5,"x":20.59,"y":-13.43}],"scale":[{"time":0,"x":1,"y":1,"curve":"stepped"},{"time":1.6667,"x":1,"y":1,"curve":"stepped"},{"time":3.3333,"x":1,"y":1,"curve":"stepped"},{"time":5,"x":1,"y":1}],"shear":[{"time":0,"x":0,"y":0,"curve":"stepped"},{"time":1.6667,"x":0,"y":0,"curve":"stepped"},{"time":3.3333,"x":0,"y":0,"curve":"stepped"},{"time":5,"x":0,"y":0}]},"body2":{"rotate":[{"time":0,"angle":0,"curve":"stepped"},{"time":1.6667,"angle":0,"curve":"stepped"},{"time":3.3333,"angle":0,"curve":"stepped"},{"time":5,"angle":0,"curve":"stepped"},{"time":6.6667,"angle":0}],"translate":[{"time":0,"x":0,"y":0,"curve":"stepped"},{"time":1.6667,"x":0,"y":0,"curve":"stepped"},{"time":3.3333,"x":0,"y":0,"curve":"stepped"},{"time":5,"x":0,"y":0,"curve":"stepped"},{"time":6.6667,"x":0,"y":0}],"scale":[{"time":0,"x":1,"y":1,"curve":"stepped"},{"time":1.6667,"x":1,"y":1,"curve":"stepped"},{"time":3.3333,"x":1,"y":1,"curve":"stepped"},{"time":5,"x":1,"y":1,"curve":"stepped"},{"time":6.6667,"x":1,"y":1}],"shear":[{"time":0,"x":0,"y":0,"curve":"stepped"},{"time":1.6667,"x":0,"y":0,"curve":"stepped"},{"time":3.3333,"x":0,"y":0,"curve":"stepped"},{"time":5,"x":0,"y":0,"curve":"stepped"},{"time":6.6667,"x":0,"y":0}]},"neck":{"rotate":[{"time":0,"angle":0,"curve":"stepped"},{"time":1.6667,"angle":0,"curve":[0.246,0,0.634,0.54]},{"time":2.1,"angle":12.77,"curve":"stepped"},{"time":4.5667,"angle":12.77,"curve":[0.381,0.54,0.744,1]},{"time":6.6667,"angle":0}],"translate":[{"time":0,"x":0,"y":0,"curve":"stepped"},{"time":1.6667,"x":0,"y":0,"curve":"stepped"},{"time":6.6667,"x":0,"y":0}],"scale":[{"time":0,"x":1,"y":1,"curve":"stepped"},{"time":1.6667,"x":1,"y":1,"curve":"stepped"},{"time":6.6667,"x":1,"y":1}],"shear":[{"time":0,"x":0,"y":0,"curve":"stepped"},{"time":1.6667,"x":0,"y":0,"curve":"stepped"},{"time":6.6667,"x":0,"y":0}]},"footr":{"rotate":[{"time":0,"angle":0.14,"curve":"stepped"},{"time":1.6667,"angle":0.14,"curve":"stepped"},{"time":3.3333,"angle":0.14,"curve":"stepped"},{"time":5,"angle":0.14,"curve":"stepped"},{"time":6.6667,"angle":0.14}],"translate":[{"time":0,"x":0,"y":0,"curve":"stepped"},{"time":1.6667,"x":0,"y":0,"curve":"stepped"},{"time":3.3333,"x":0,"y":0,"curve":"stepped"},{"time":5,"x":0,"y":0,"curve":"stepped"},{"time":6.6667,"x":0,"y":0}],"scale":[{"time":0,"x":1,"y":1,"curve":"stepped"},{"time":1.6667,"x":1,"y":1,"curve":"stepped"},{"time":3.3333,"x":1,"y":1,"curve":"stepped"},{"time":5,"x":1,"y":1,"curve":"stepped"},{"time":6.6667,"x":1,"y":1}],"shear":[{"time":0,"x":0,"y":0,"curve":"stepped"},{"time":1.6667,"x":0,"y":0,"curve":"stepped"},{"time":3.3333,"x":0,"y":0,"curve":"stepped"},{"time":5,"x":0,"y":0,"curve":"stepped"},{"time":6.6667,"x":0,"y":0}]},"footr2":{"rotate":[{"time":0,"angle":0,"curve":"stepped"},{"time":0.3333,"angle":0,"curve":"stepped"},{"time":0.6667,"angle":0,"curve":"stepped"},{"time":0.8667,"angle":0,"curve":"stepped"},{"time":1.2,"angle":0,"curve":"stepped"},{"time":1.5333,"angle":0,"curve":"stepped"},{"time":1.8667,"angle":0,"curve":"stepped"},{"time":2.2,"angle":0}],"translate":[{"time":0,"x":0,"y":0},{"time":0.1667,"x":-28.71,"y":-39.15},{"time":0.3333,"x":23.04,"y":-11.52},{"time":0.5,"x":45.12,"y":-13.32},{"time":0.6667,"x":0,"y":0,"curve":"stepped"},{"time":0.8667,"x":0,"y":0},{"time":1.0333,"x":-28.71,"y":-39.15},{"time":1.2,"x":23.04,"y":-11.52},{"time":1.3667,"x":45.12,"y":-13.32},{"time":1.5333,"x":0,"y":0},{"time":1.7,"x":-28.71,"y":-39.15},{"time":1.8667,"x":23.04,"y":-11.52},{"time":2.0333,"x":45.12,"y":-13.32},{"time":2.2,"x":0,"y":0}],"scale":[{"time":0,"x":1,"y":1,"curve":"stepped"},{"time":0.3333,"x":1,"y":1,"curve":"stepped"},{"time":0.6667,"x":1,"y":1,"curve":"stepped"},{"time":0.8667,"x":1,"y":1,"curve":"stepped"},{"time":1.2,"x":1,"y":1,"curve":"stepped"},{"time":1.5333,"x":1,"y":1,"curve":"stepped"},{"time":1.8667,"x":1,"y":1,"curve":"stepped"},{"time":2.2,"x":1,"y":1}],"shear":[{"time":0,"x":0,"y":0,"curve":"stepped"},{"time":0.3333,"x":0,"y":0,"curve":"stepped"},{"time":0.6667,"x":0,"y":0,"curve":"stepped"},{"time":0.8667,"x":0,"y":0,"curve":"stepped"},{"time":1.2,"x":0,"y":0,"curve":"stepped"},{"time":1.5333,"x":0,"y":0,"curve":"stepped"},{"time":1.8667,"x":0,"y":0,"curve":"stepped"},{"time":2.2,"x":0,"y":0}]},"leg2r":{"rotate":[{"time":0,"angle":0},{"time":0.1667,"angle":16.53},{"time":0.3333,"angle":6.3},{"time":0.5,"angle":5.52},{"time":0.6667,"angle":0,"curve":"stepped"},{"time":0.8667,"angle":0},{"time":1.0333,"angle":16.53},{"time":1.2,"angle":6.3},{"time":1.3667,"angle":5.52},{"time":1.5333,"angle":0},{"time":1.7,"angle":16.53},{"time":1.8667,"angle":6.3},{"time":2.0333,"angle":5.52},{"time":2.2,"angle":0}],"translate":[{"time":0,"x":0,"y":0,"curve":"stepped"},{"time":0.1667,"x":0,"y":0,"curve":"stepped"},{"time":0.3333,"x":0,"y":0,"curve":"stepped"},{"time":0.6667,"x":0,"y":0,"curve":"stepped"},{"time":0.8667,"x":0,"y":0,"curve":"stepped"},{"time":1.0333,"x":0,"y":0,"curve":"stepped"},{"time":1.2,"x":0,"y":0,"curve":"stepped"},{"time":1.5333,"x":0,"y":0,"curve":"stepped"},{"time":1.7,"x":0,"y":0,"curve":"stepped"},{"time":1.8667,"x":0,"y":0,"curve":"stepped"},{"time":2.2,"x":0,"y":0}],"scale":[{"time":0,"x":1,"y":1,"curve":"stepped"},{"time":0.1667,"x":1,"y":1,"curve":"stepped"},{"time":0.3333,"x":1,"y":1,"curve":"stepped"},{"time":0.6667,"x":1,"y":1,"curve":"stepped"},{"time":0.8667,"x":1,"y":1,"curve":"stepped"},{"time":1.0333,"x":1,"y":1,"curve":"stepped"},{"time":1.2,"x":1,"y":1,"curve":"stepped"},{"time":1.5333,"x":1,"y":1,"curve":"stepped"},{"time":1.7,"x":1,"y":1,"curve":"stepped"},{"time":1.8667,"x":1,"y":1,"curve":"stepped"},{"time":2.2,"x":1,"y":1}],"shear":[{"time":0,"x":0,"y":0,"curve":"stepped"},{"time":0.1667,"x":0,"y":0,"curve":"stepped"},{"time":0.3333,"x":0,"y":0,"curve":"stepped"},{"time":0.6667,"x":0,"y":0,"curve":"stepped"},{"time":0.8667,"x":0,"y":0,"curve":"stepped"},{"time":1.0333,"x":0,"y":0,"curve":"stepped"},{"time":1.2,"x":0,"y":0,"curve":"stepped"},{"time":1.5333,"x":0,"y":0,"curve":"stepped"},{"time":1.7,"x":0,"y":0,"curve":"stepped"},{"time":1.8667,"x":0,"y":0,"curve":"stepped"},{"time":2.2,"x":0,"y":0}]},"leg1r":{"rotate":[{"time":0,"angle":0},{"time":0.1667,"angle":-26.12},{"time":0.3333,"angle":7.14},{"time":0.5,"angle":21.15},{"time":0.6667,"angle":0,"curve":"stepped"},{"time":0.8667,"angle":0},{"time":1.0333,"angle":-26.12},{"time":1.2,"angle":7.14},{"time":1.3667,"angle":21.15},{"time":1.5333,"angle":0},{"time":1.7,"angle":-26.12},{"time":1.8667,"angle":7.14},{"time":2.0333,"angle":21.15},{"time":2.2,"angle":0}],"translate":[{"time":0,"x":0,"y":0,"curve":"stepped"},{"time":0.1667,"x":0,"y":0,"curve":"stepped"},{"time":0.3333,"x":0,"y":0,"curve":"stepped"},{"time":0.6667,"x":0,"y":0,"curve":"stepped"},{"time":0.8667,"x":0,"y":0,"curve":"stepped"},{"time":1.0333,"x":0,"y":0,"curve":"stepped"},{"time":1.2,"x":0,"y":0,"curve":"stepped"},{"time":1.5333,"x":0,"y":0,"curve":"stepped"},{"time":1.7,"x":0,"y":0,"curve":"stepped"},{"time":1.8667,"x":0,"y":0,"curve":"stepped"},{"time":2.2,"x":0,"y":0}],"scale":[{"time":0,"x":1,"y":1,"curve":"stepped"},{"time":0.1667,"x":1,"y":1,"curve":"stepped"},{"time":0.3333,"x":1,"y":1,"curve":"stepped"},{"time":0.6667,"x":1,"y":1,"curve":"stepped"},{"time":0.8667,"x":1,"y":1,"curve":"stepped"},{"time":1.0333,"x":1,"y":1,"curve":"stepped"},{"time":1.2,"x":1,"y":1,"curve":"stepped"},{"time":1.5333,"x":1,"y":1,"curve":"stepped"},{"time":1.7,"x":1,"y":1,"curve":"stepped"},{"time":1.8667,"x":1,"y":1,"curve":"stepped"},{"time":2.2,"x":1,"y":1}],"shear":[{"time":0,"x":0,"y":0,"curve":"stepped"},{"time":0.1667,"x":0,"y":0,"curve":"stepped"},{"time":0.3333,"x":0,"y":0,"curve":"stepped"},{"time":0.6667,"x":0,"y":0,"curve":"stepped"},{"time":0.8667,"x":0,"y":0,"curve":"stepped"},{"time":1.0333,"x":0,"y":0,"curve":"stepped"},{"time":1.2,"x":0,"y":0,"curve":"stepped"},{"time":1.5333,"x":0,"y":0,"curve":"stepped"},{"time":1.7,"x":0,"y":0,"curve":"stepped"},{"time":1.8667,"x":0,"y":0,"curve":"stepped"},{"time":2.2,"x":0,"y":0}]}},"ik":{"footr":[{"time":0,"curve":"stepped"},{"time":0.3333,"curve":"stepped"},{"time":0.6667,"curve":"stepped"},{"time":0.8667,"curve":"stepped"},{"time":1.2,"curve":"stepped"},{"time":1.5333,"curve":"stepped"},{"time":1.8667,"curve":"stepped"},{"time":2.2}],"legr":[{"time":0,"mix":0.5,"curve":"stepped"},{"time":1.6667,"mix":0.5,"curve":"stepped"},{"time":3.3333,"mix":0.5,"curve":"stepped"},{"time":5,"mix":0.5}]},"events":[{"time":2.6667,"name":"stop","string":"stop"}]},"part_stand_stay":{"bones":{"root":{"rotate":[{"time":0,"angle":0,"curve":"stepped"},{"time":2.6667,"angle":0,"curve":"stepped"},{"time":5.3333,"angle":0}],"translate":[{"time":0,"x":0,"y":0,"curve":"stepped"},{"time":2.6667,"x":0,"y":0,"curve":"stepped"},{"time":5.3333,"x":0,"y":0}],"scale":[{"time":0,"x":1,"y":1,"curve":"stepped"},{"time":2.6667,"x":1,"y":1,"curve":"stepped"},{"time":5.3333,"x":1,"y":1}],"shear":[{"time":0,"x":0,"y":0,"curve":"stepped"},{"time":2.6667,"x":0,"y":0,"curve":"stepped"},{"time":5.3333,"x":0,"y":0}]},"position":{"rotate":[{"time":0,"angle":0,"curve":"stepped"},{"time":2.6667,"angle":0,"curve":"stepped"},{"time":5.3333,"angle":0}],"translate":[{"time":0,"x":0,"y":0,"curve":"stepped"},{"time":2.6667,"x":0,"y":0,"curve":"stepped"},{"time":5.3333,"x":0,"y":0}],"scale":[{"time":0,"x":1,"y":1,"curve":"stepped"},{"time":2.6667,"x":1,"y":1,"curve":"stepped"},{"time":5.3333,"x":1,"y":1}],"shear":[{"time":0,"x":0,"y":0,"curve":"stepped"},{"time":2.6667,"x":0,"y":0,"curve":"stepped"},{"time":5.3333,"x":0,"y":0}]},"center":{"rotate":[{"time":0,"angle":0,"curve":"stepped"},{"time":2.6667,"angle":0,"curve":"stepped"},{"time":5.3333,"angle":0}],"translate":[{"time":0,"x":0,"y":0,"curve":[0.25,0,0.75,1]},{"time":1.3333,"x":0,"y":-5.01,"curve":[0.25,0,0.75,1]},{"time":2.6667,"x":0,"y":0,"curve":[0.25,0,0.75,1]},{"time":4,"x":0,"y":-5.01,"curve":[0.25,0,0.75,1]},{"time":5.3333,"x":0,"y":0}],"scale":[{"time":0,"x":1,"y":1,"curve":"stepped"},{"time":2.6667,"x":1,"y":1,"curve":"stepped"},{"time":5.3333,"x":1,"y":1}],"shear":[{"time":0,"x":0,"y":0,"curve":"stepped"},{"time":2.6667,"x":0,"y":0,"curve":"stepped"},{"time":5.3333,"x":0,"y":0}]},"body":{"rotate":[{"time":0,"angle":0,"curve":"stepped"},{"time":2.6667,"angle":0,"curve":"stepped"},{"time":5.3333,"angle":0}],"translate":[{"time":0,"x":0,"y":0,"curve":"stepped"},{"time":2.6667,"x":0,"y":0,"curve":[0.25,0,0.75,1]},{"time":4,"x":0,"y":-3.57,"curve":[0.25,0,0.75,1]},{"time":5.3333,"x":0,"y":0}],"scale":[{"time":0,"x":1,"y":1,"curve":"stepped"},{"time":2.6667,"x":1,"y":1,"curve":"stepped"},{"time":5.3333,"x":1,"y":1}],"shear":[{"time":0,"x":0,"y":0,"curve":"stepped"},{"time":2.6667,"x":0,"y":0,"curve":"stepped"},{"time":5.3333,"x":0,"y":0}]},"body2":{"rotate":[{"time":0,"angle":0,"curve":"stepped"},{"time":2.6667,"angle":0,"curve":"stepped"},{"time":5.3333,"angle":0}],"translate":[{"time":0,"x":0,"y":0,"curve":"stepped"},{"time":2.6667,"x":0,"y":0,"curve":"stepped"},{"time":5.3333,"x":0,"y":0}],"scale":[{"time":0,"x":1,"y":1,"curve":"stepped"},{"time":2.6667,"x":1,"y":1,"curve":"stepped"},{"time":5.3333,"x":1,"y":1}],"shear":[{"time":0,"x":0,"y":0,"curve":"stepped"},{"time":2.6667,"x":0,"y":0,"curve":"stepped"},{"time":5.3333,"x":0,"y":0}]},"neck":{"rotate":[{"time":0,"angle":0,"curve":"stepped"},{"time":2.6667,"angle":0,"curve":[0.25,0,0.75,1]},{"time":4,"angle":-1.88,"curve":[0.25,0,0.75,1]},{"time":5.3333,"angle":0}],"translate":[{"time":0,"x":0,"y":0,"curve":"stepped"},{"time":2.6667,"x":0,"y":0,"curve":"stepped"},{"time":5.3333,"x":0,"y":0}],"scale":[{"time":0,"x":1,"y":1,"curve":"stepped"},{"time":2.6667,"x":1,"y":1,"curve":"stepped"},{"time":5.3333,"x":1,"y":1}],"shear":[{"time":0,"x":0,"y":0,"curve":"stepped"},{"time":2.6667,"x":0,"y":0,"curve":"stepped"},{"time":5.3333,"x":0,"y":0}]},"leg1r":{"rotate":[{"time":0,"angle":0,"curve":"stepped"},{"time":2.6667,"angle":0,"curve":"stepped"},{"time":5.3333,"angle":0}],"translate":[{"time":0,"x":0,"y":0,"curve":"stepped"},{"time":2.6667,"x":0,"y":0,"curve":"stepped"},{"time":5.3333,"x":0,"y":0}],"scale":[{"time":0,"x":1,"y":1,"curve":"stepped"},{"time":2.6667,"x":1,"y":1,"curve":"stepped"},{"time":5.3333,"x":1,"y":1}],"shear":[{"time":0,"x":0,"y":0,"curve":"stepped"},{"time":2.6667,"x":0,"y":0,"curve":"stepped"},{"time":5.3333,"x":0,"y":0}]},"leg2r":{"rotate":[{"time":0,"angle":0,"curve":"stepped"},{"time":2.6667,"angle":0,"curve":"stepped"},{"time":5.3333,"angle":0}],"translate":[{"time":0,"x":0,"y":0,"curve":"stepped"},{"time":2.6667,"x":0,"y":0,"curve":"stepped"},{"time":5.3333,"x":0,"y":0}],"scale":[{"time":0,"x":1,"y":1,"curve":"stepped"},{"time":2.6667,"x":1,"y":1,"curve":"stepped"},{"time":5.3333,"x":1,"y":1}],"shear":[{"time":0,"x":0,"y":0,"curve":"stepped"},{"time":2.6667,"x":0,"y":0,"curve":"stepped"},{"time":5.3333,"x":0,"y":0}]},"footr":{"rotate":[{"time":0,"angle":0.14,"curve":"stepped"},{"time":2.6667,"angle":0.14,"curve":"stepped"},{"time":5.3333,"angle":0.14}],"translate":[{"time":0,"x":0,"y":0,"curve":"stepped"},{"time":2.6667,"x":0,"y":0,"curve":"stepped"},{"time":5.3333,"x":0,"y":0}],"scale":[{"time":0,"x":1,"y":1,"curve":"stepped"},{"time":2.6667,"x":1,"y":1,"curve":"stepped"},{"time":5.3333,"x":1,"y":1}],"shear":[{"time":0,"x":0,"y":0,"curve":"stepped"},{"time":2.6667,"x":0,"y":0,"curve":"stepped"},{"time":5.3333,"x":0,"y":0}]},"legr":{"rotate":[{"time":0,"angle":0,"curve":"stepped"},{"time":2.6667,"angle":0,"curve":"stepped"},{"time":5.3333,"angle":0}],"translate":[{"time":0,"x":20.59,"y":-13.43,"curve":"stepped"},{"time":2.6667,"x":20.59,"y":-13.43,"curve":[0.25,0,0.75,1]},{"time":4,"x":30.04,"y":-13.43,"curve":[0.25,0,0.75,1]},{"time":5.3333,"x":20.59,"y":-13.43}],"scale":[{"time":0,"x":1,"y":1,"curve":"stepped"},{"time":2.6667,"x":1,"y":1,"curve":"stepped"},{"time":5.3333,"x":1,"y":1}],"shear":[{"time":0,"x":0,"y":0,"curve":"stepped"},{"time":2.6667,"x":0,"y":0,"curve":"stepped"},{"time":5.3333,"x":0,"y":0}]},"footr2":{"rotate":[{"time":0,"angle":0,"curve":"stepped"},{"time":2.6667,"angle":0,"curve":"stepped"},{"time":5.3333,"angle":0}],"translate":[{"time":0,"x":14.64,"y":-37.77,"curve":"stepped"},{"time":2.6667,"x":14.64,"y":-37.77,"curve":"stepped"},{"time":5.3333,"x":14.64,"y":-37.77}],"scale":[{"time":0,"x":1,"y":1,"curve":"stepped"},{"time":2.6667,"x":1,"y":1,"curve":"stepped"},{"time":5.3333,"x":1,"y":1}],"shear":[{"time":0,"x":0,"y":0,"curve":"stepped"},{"time":2.6667,"x":0,"y":0,"curve":"stepped"},{"time":5.3333,"x":0,"y":0}]},"book":{"rotate":[{"time":0,"angle":0,"curve":"stepped"},{"time":2.6667,"angle":0,"curve":"stepped"},{"time":5.3333,"angle":0}],"translate":[{"time":0,"x":0,"y":0,"curve":"stepped"},{"time":2.6667,"x":0,"y":0,"curve":"stepped"},{"time":5.3333,"x":0,"y":0}],"scale":[{"time":0,"x":1,"y":1,"curve":"stepped"},{"time":2.6667,"x":1,"y":1,"curve":"stepped"},{"time":5.3333,"x":1,"y":1}],"shear":[{"time":0,"x":0,"y":0,"curve":"stepped"},{"time":2.6667,"x":0,"y":0,"curve":"stepped"},{"time":5.3333,"x":0,"y":0}]}},"ik":{"footr":[{"time":0,"curve":"stepped"},{"time":2.6667,"curve":"stepped"},{"time":5.3333}],"legr":[{"time":0,"mix":0.5,"curve":"stepped"},{"time":2.6667,"mix":0.5,"curve":"stepped"},{"time":5.3333,"mix":0.5}]}},"part_study_stay1_face":{"bones":{"root":{"rotate":[{"time":0,"angle":0,"curve":"stepped"},{"time":1.6667,"angle":0,"curve":"stepped"},{"time":3.3333,"angle":0}],"translate":[{"time":0,"x":0,"y":0,"curve":"stepped"},{"time":1.6667,"x":0,"y":0,"curve":"stepped"},{"time":3.3333,"x":0,"y":0}],"scale":[{"time":0,"x":1,"y":1,"curve":"stepped"},{"time":1.6667,"x":1,"y":1,"curve":"stepped"},{"time":3.3333,"x":1,"y":1}],"shear":[{"time":0,"x":0,"y":0,"curve":"stepped"},{"time":1.6667,"x":0,"y":0,"curve":"stepped"},{"time":3.3333,"x":0,"y":0}]},"position":{"rotate":[{"time":0,"angle":0,"curve":"stepped"},{"time":1.6667,"angle":0,"curve":"stepped"},{"time":3.3333,"angle":0}],"translate":[{"time":0,"x":0,"y":0,"curve":"stepped"},{"time":1.6667,"x":0,"y":0,"curve":"stepped"},{"time":3.3333,"x":0,"y":0}],"scale":[{"time":0,"x":1,"y":1,"curve":"stepped"},{"time":1.6667,"x":1,"y":1,"curve":"stepped"},{"time":3.3333,"x":1,"y":1}],"shear":[{"time":0,"x":0,"y":0,"curve":"stepped"},{"time":1.6667,"x":0,"y":0,"curve":"stepped"},{"time":3.3333,"x":0,"y":0}]},"center":{"rotate":[{"time":0,"angle":-3,"curve":"stepped"},{"time":1.6667,"angle":-3,"curve":"stepped"},{"time":3.3333,"angle":-3}],"translate":[{"time":0,"x":45.69,"y":-280.41,"curve":"stepped"},{"time":1.6667,"x":45.69,"y":-280.41,"curve":"stepped"},{"time":3.3333,"x":45.69,"y":-280.41}],"scale":[{"time":0,"x":1,"y":1,"curve":"stepped"},{"time":1.6667,"x":1,"y":1,"curve":"stepped"},{"time":3.3333,"x":1,"y":1}],"shear":[{"time":0,"x":0,"y":0,"curve":"stepped"},{"time":1.6667,"x":0,"y":0,"curve":"stepped"},{"time":3.3333,"x":0,"y":0}]},"body":{"rotate":[{"time":0,"angle":3.27,"curve":[0.25,0,0.75,1]},{"time":0.8333,"angle":-2.8,"curve":[0.25,0,0.75,1]},{"time":1.6667,"angle":0,"curve":[0.25,0,0.75,1]},{"time":3.3333,"angle":3.27}],"translate":[{"time":0,"x":0,"y":0,"curve":[0.25,0,0.75,1]},{"time":0.5,"x":-0.14,"y":2.74,"curve":[0.25,0,0.75,1]},{"time":1.1667,"x":0.01,"y":-0.2,"curve":[0.25,0,0.75,1]},{"time":1.6667,"x":0,"y":0,"curve":[0.25,0,0.75,1]},{"time":2.5,"x":0.14,"y":-2.74,"curve":[0.25,0,0.75,1]},{"time":3.3333,"x":0,"y":0}],"scale":[{"time":0,"x":1,"y":1,"curve":"stepped"},{"time":1.6667,"x":1,"y":1,"curve":"stepped"},{"time":3.3333,"x":1,"y":1}],"shear":[{"time":0,"x":0,"y":0,"curve":"stepped"},{"time":1.6667,"x":0,"y":0,"curve":"stepped"},{"time":3.3333,"x":0,"y":0}]},"body2":{"rotate":[{"time":0,"angle":0,"curve":"stepped"},{"time":1.6667,"angle":0,"curve":"stepped"},{"time":3.3333,"angle":0}],"translate":[{"time":0,"x":0,"y":0,"curve":[0.25,0,0.75,1]},{"time":0.5,"x":3.35,"y":0.62,"curve":[0.25,0,0.75,1]},{"time":1.1667,"x":-5.23,"y":-1.13,"curve":[0.25,0,0.75,1]},{"time":1.6667,"x":0,"y":0,"curve":[0.25,0,0.75,1]},{"time":2.5,"x":-4.06,"y":-0.61,"curve":[0.25,0,0.75,1]},{"time":3.3333,"x":0,"y":0}],"scale":[{"time":0,"x":1,"y":1,"curve":"stepped"},{"time":1.6667,"x":1,"y":1,"curve":"stepped"},{"time":3.3333,"x":1,"y":1}],"shear":[{"time":0,"x":0,"y":0,"curve":"stepped"},{"time":1.6667,"x":0,"y":0,"curve":"stepped"},{"time":3.3333,"x":0,"y":0}]},"neck":{"rotate":[{"time":0,"angle":0,"curve":"stepped"},{"time":1.6667,"angle":0,"curve":"stepped"},{"time":3.3333,"angle":0}],"translate":[{"time":0,"x":0,"y":0,"curve":"stepped"},{"time":1.6667,"x":0,"y":0,"curve":"stepped"},{"time":3.3333,"x":0,"y":0}],"scale":[{"time":0,"x":1,"y":1,"curve":"stepped"},{"time":1.6667,"x":1,"y":1,"curve":"stepped"},{"time":3.3333,"x":1,"y":1}],"shear":[{"time":0,"x":0,"y":0,"curve":"stepped"},{"time":1.6667,"x":0,"y":0,"curve":"stepped"},{"time":3.3333,"x":0,"y":0}]},"leg1r":{"rotate":[{"time":0,"angle":0,"curve":"stepped"},{"time":1.6667,"angle":0,"curve":"stepped"},{"time":3.3333,"angle":0}],"translate":[{"time":0,"x":9.88,"y":0,"curve":"stepped"},{"time":1.6667,"x":9.88,"y":0,"curve":"stepped"},{"time":3.3333,"x":9.88,"y":0}],"scale":[{"time":0,"x":1,"y":1,"curve":"stepped"},{"time":1.6667,"x":1,"y":1,"curve":"stepped"},{"time":3.3333,"x":1,"y":1}],"shear":[{"time":0,"x":0,"y":0,"curve":"stepped"},{"time":1.6667,"x":0,"y":0,"curve":"stepped"},{"time":3.3333,"x":0,"y":0}]},"leg2r":{"rotate":[{"time":0,"angle":0,"curve":"stepped"},{"time":1.6667,"angle":0,"curve":"stepped"},{"time":3.3333,"angle":0}],"translate":[{"time":0,"x":0,"y":0,"curve":"stepped"},{"time":1.6667,"x":0,"y":0,"curve":"stepped"},{"time":3.3333,"x":0,"y":0}],"scale":[{"time":0,"x":1,"y":1,"curve":"stepped"},{"time":1.6667,"x":1,"y":1,"curve":"stepped"},{"time":3.3333,"x":1,"y":1}],"shear":[{"time":0,"x":0,"y":0,"curve":"stepped"},{"time":1.6667,"x":0,"y":0,"curve":"stepped"},{"time":3.3333,"x":0,"y":0}]},"footr":{"rotate":[{"time":0,"angle":3.36,"curve":"stepped"},{"time":1.6667,"angle":3.36,"curve":"stepped"},{"time":3.3333,"angle":3.36}],"translate":[{"time":0,"x":0,"y":0,"curve":"stepped"},{"time":1.6667,"x":0,"y":0,"curve":"stepped"},{"time":3.3333,"x":0,"y":0}],"scale":[{"time":0,"x":1,"y":1,"curve":"stepped"},{"time":1.6667,"x":1,"y":1,"curve":"stepped"},{"time":3.3333,"x":1,"y":1}],"shear":[{"time":0,"x":0,"y":0,"curve":"stepped"},{"time":1.6667,"x":0,"y":0,"curve":"stepped"},{"time":3.3333,"x":0,"y":0}]},"legr":{"rotate":[{"time":0,"angle":0,"curve":"stepped"},{"time":1.6667,"angle":0,"curve":"stepped"},{"time":3.3333,"angle":0}],"translate":[{"time":0,"x":-65.62,"y":-215.4,"curve":"stepped"},{"time":1.6667,"x":-65.62,"y":-215.4,"curve":"stepped"},{"time":3.3333,"x":-65.62,"y":-215.4}],"scale":[{"time":0,"x":1,"y":1,"curve":"stepped"},{"time":1.6667,"x":1,"y":1,"curve":"stepped"},{"time":3.3333,"x":1,"y":1}],"shear":[{"time":0,"x":0,"y":0,"curve":"stepped"},{"time":1.6667,"x":0,"y":0,"curve":"stepped"},{"time":3.3333,"x":0,"y":0}]},"footr2":{"rotate":[{"time":0,"angle":0,"curve":"stepped"},{"time":1.6667,"angle":0,"curve":"stepped"},{"time":3.3333,"angle":0}],"translate":[{"time":0,"x":-62.52,"y":-364.6,"curve":"stepped"},{"time":1.6667,"x":-62.52,"y":-364.6,"curve":"stepped"},{"time":3.3333,"x":-62.52,"y":-364.6}],"scale":[{"time":0,"x":1,"y":1,"curve":"stepped"},{"time":1.6667,"x":1,"y":1,"curve":"stepped"},{"time":3.3333,"x":1,"y":1}],"shear":[{"time":0,"x":0,"y":0,"curve":"stepped"},{"time":1.6667,"x":0,"y":0,"curve":"stepped"},{"time":3.3333,"x":0,"y":0}]},"book":{"rotate":[{"time":0,"angle":6,"curve":[0.25,0,0.75,1]},{"time":0.8333,"angle":0,"curve":[0.25,0,0.75,1]},{"time":1.6667,"angle":6,"curve":"stepped"},{"time":3.3333,"angle":6}],"translate":[{"time":0,"x":350.33,"y":156.91,"curve":"stepped"},{"time":1.6667,"x":350.33,"y":156.91,"curve":"stepped"},{"time":3.3333,"x":350.33,"y":156.91}],"scale":[{"time":0,"x":1,"y":1,"curve":"stepped"},{"time":1.6667,"x":1,"y":1,"curve":"stepped"},{"time":3.3333,"x":1,"y":1}],"shear":[{"time":0,"x":0,"y":0,"curve":"stepped"},{"time":1.6667,"x":0,"y":0,"curve":"stepped"},{"time":3.3333,"x":0,"y":0}]}}},"part_study_stay3_face":{"bones":{"root":{"rotate":[{"time":0,"angle":0,"curve":"stepped"},{"time":3.3333,"angle":0}],"translate":[{"time":0,"x":0,"y":0,"curve":"stepped"},{"time":3.3333,"x":0,"y":0}],"scale":[{"time":0,"x":1,"y":1,"curve":"stepped"},{"time":3.3333,"x":1,"y":1}],"shear":[{"time":0,"x":0,"y":0,"curve":"stepped"},{"time":3.3333,"x":0,"y":0}]},"position":{"rotate":[{"time":0,"angle":0,"curve":"stepped"},{"time":3.3333,"angle":0}],"translate":[{"time":0,"x":0,"y":0,"curve":"stepped"},{"time":3.3333,"x":0,"y":0}],"scale":[{"time":0,"x":1,"y":1,"curve":"stepped"},{"time":3.3333,"x":1,"y":1}],"shear":[{"time":0,"x":0,"y":0,"curve":"stepped"},{"time":3.3333,"x":0,"y":0}]},"center":{"rotate":[{"time":0,"angle":-3,"curve":"stepped"},{"time":3.3333,"angle":-3}],"translate":[{"time":0,"x":45.69,"y":-280.41,"curve":"stepped"},{"time":3.3333,"x":45.69,"y":-280.41}],"scale":[{"time":0,"x":1,"y":1,"curve":"stepped"},{"time":3.3333,"x":1,"y":1}],"shear":[{"time":0,"x":0,"y":0,"curve":"stepped"},{"time":3.3333,"x":0,"y":0}]},"body":{"rotate":[{"time":0,"angle":9.38,"curve":[0.25,0,0.75,1]},{"time":1.6667,"angle":-6.46,"curve":[0.25,0,0.75,1]},{"time":3.3333,"angle":9.38}],"translate":[{"time":0,"x":0,"y":0,"curve":"stepped"},{"time":3.3333,"x":0,"y":0}],"scale":[{"time":0,"x":1,"y":1,"curve":"stepped"},{"time":3.3333,"x":1,"y":1}],"shear":[{"time":0,"x":0,"y":0,"curve":"stepped"},{"time":3.3333,"x":0,"y":0}]},"body2":{"rotate":[{"time":0,"angle":0,"curve":"stepped"},{"time":3.3333,"angle":0}],"translate":[{"time":0,"x":0,"y":0,"curve":[0.25,0,0.75,1]},{"time":0.8333,"x":-9.1,"y":-1.06,"curve":[0.25,0,0.75,1]},{"time":2.5,"x":3.99,"y":0.46,"curve":[0.25,0,0.75,1]},{"time":3.3333,"x":0,"y":0}],"scale":[{"time":0,"x":1,"y":1,"curve":"stepped"},{"time":3.3333,"x":1,"y":1}],"shear":[{"time":0,"x":0,"y":0,"curve":"stepped"},{"time":3.3333,"x":0,"y":0}]},"neck":{"rotate":[{"time":0,"angle":0,"curve":"stepped"},{"time":3.3333,"angle":0}],"translate":[{"time":0,"x":0,"y":0,"curve":"stepped"},{"time":3.3333,"x":0,"y":0}],"scale":[{"time":0,"x":1,"y":1,"curve":"stepped"},{"time":3.3333,"x":1,"y":1}],"shear":[{"time":0,"x":0,"y":0,"curve":"stepped"},{"time":3.3333,"x":0,"y":0}]},"leg1r":{"rotate":[{"time":0,"angle":0,"curve":"stepped"},{"time":3.3333,"angle":0}],"translate":[{"time":0,"x":9.88,"y":0,"curve":"stepped"},{"time":3.3333,"x":9.88,"y":0}],"scale":[{"time":0,"x":1,"y":1,"curve":"stepped"},{"time":3.3333,"x":1,"y":1}],"shear":[{"time":0,"x":0,"y":0,"curve":"stepped"},{"time":3.3333,"x":0,"y":0}]},"leg2r":{"rotate":[{"time":0,"angle":0,"curve":"stepped"},{"time":3.3333,"angle":0}],"translate":[{"time":0,"x":0,"y":0,"curve":"stepped"},{"time":3.3333,"x":0,"y":0}],"scale":[{"time":0,"x":1,"y":1,"curve":"stepped"},{"time":3.3333,"x":1,"y":1}],"shear":[{"time":0,"x":0,"y":0,"curve":"stepped"},{"time":3.3333,"x":0,"y":0}]},"footr":{"rotate":[{"time":0,"angle":3.36,"curve":"stepped"},{"time":3.3333,"angle":3.36}],"translate":[{"time":0,"x":0,"y":0,"curve":"stepped"},{"time":3.3333,"x":0,"y":0}],"scale":[{"time":0,"x":1,"y":1,"curve":"stepped"},{"time":3.3333,"x":1,"y":1}],"shear":[{"time":0,"x":0,"y":0,"curve":"stepped"},{"time":3.3333,"x":0,"y":0}]},"legr":{"rotate":[{"time":0,"angle":0,"curve":"stepped"},{"time":3.3333,"angle":0}],"translate":[{"time":0,"x":-65.62,"y":-215.4,"curve":"stepped"},{"time":3.3333,"x":-65.62,"y":-215.4}],"scale":[{"time":0,"x":1,"y":1,"curve":"stepped"},{"time":3.3333,"x":1,"y":1}],"shear":[{"time":0,"x":0,"y":0,"curve":"stepped"},{"time":3.3333,"x":0,"y":0}]},"footr2":{"rotate":[{"time":0,"angle":0,"curve":"stepped"},{"time":3.3333,"angle":0}],"translate":[{"time":0,"x":-62.52,"y":-364.6,"curve":"stepped"},{"time":3.3333,"x":-62.52,"y":-364.6}],"scale":[{"time":0,"x":1,"y":1,"curve":"stepped"},{"time":3.3333,"x":1,"y":1}],"shear":[{"time":0,"x":0,"y":0,"curve":"stepped"},{"time":3.3333,"x":0,"y":0}]},"book":{"rotate":[{"time":0,"angle":6,"curve":"stepped"},{"time":3.3333,"angle":6}],"translate":[{"time":0,"x":350.33,"y":156.91,"curve":"stepped"},{"time":3.3333,"x":350.33,"y":156.91}],"scale":[{"time":0,"x":1,"y":1,"curve":"stepped"},{"time":3.3333,"x":1,"y":1}],"shear":[{"time":0,"x":0,"y":0,"curve":"stepped"},{"time":3.3333,"x":0,"y":0}]}}},"part_study_stay6_face":{"bones":{"root":{"rotate":[{"time":0,"angle":0,"curve":"stepped"},{"time":3.3333,"angle":0}],"translate":[{"time":0,"x":0,"y":0,"curve":"stepped"},{"time":3.3333,"x":0,"y":0}],"scale":[{"time":0,"x":1,"y":1,"curve":"stepped"},{"time":3.3333,"x":1,"y":1}],"shear":[{"time":0,"x":0,"y":0,"curve":"stepped"},{"time":3.3333,"x":0,"y":0}]},"position":{"rotate":[{"time":0,"angle":0,"curve":"stepped"},{"time":3.3333,"angle":0}],"translate":[{"time":0,"x":0,"y":0,"curve":"stepped"},{"time":3.3333,"x":0,"y":0}],"scale":[{"time":0,"x":1,"y":1,"curve":"stepped"},{"time":3.3333,"x":1,"y":1}],"shear":[{"time":0,"x":0,"y":0,"curve":"stepped"},{"time":3.3333,"x":0,"y":0}]},"center":{"rotate":[{"time":0,"angle":-3,"curve":"stepped"},{"time":3.3333,"angle":-3}],"translate":[{"time":0,"x":45.69,"y":-280.41,"curve":"stepped"},{"time":3.3333,"x":45.69,"y":-280.41}],"scale":[{"time":0,"x":1,"y":1,"curve":"stepped"},{"time":3.3333,"x":1,"y":1}],"shear":[{"time":0,"x":0,"y":0,"curve":"stepped"},{"time":3.3333,"x":0,"y":0}]},"body":{"rotate":[{"time":0,"angle":3.27,"curve":"stepped"},{"time":3.3333,"angle":3.27}],"translate":[{"time":0,"x":0,"y":0,"curve":[0.25,0,0.75,1]},{"time":1.6667,"x":0.24,"y":-4.59,"curve":[0.25,0,0.75,1]},{"time":3.3333,"x":0,"y":0}],"scale":[{"time":0,"x":1,"y":1,"curve":"stepped"},{"time":3.3333,"x":1,"y":1}],"shear":[{"time":0,"x":0,"y":0,"curve":"stepped"},{"time":3.3333,"x":0,"y":0}]},"body2":{"rotate":[{"time":0,"angle":0,"curve":[0.25,0,0.75,1]},{"time":1.6667,"angle":-11.59,"curve":[0.25,0,0.75,1]},{"time":3.3333,"angle":0}],"translate":[{"time":0,"x":0,"y":0,"curve":[0.25,0,0.75,1]},{"time":1.6667,"x":-9.83,"y":-1.19,"curve":[0.25,0,0.75,1]},{"time":3.3333,"x":0,"y":0}],"scale":[{"time":0,"x":1,"y":1,"curve":"stepped"},{"time":3.3333,"x":1,"y":1}],"shear":[{"time":0,"x":0,"y":0,"curve":"stepped"},{"time":3.3333,"x":0,"y":0}]},"neck":{"rotate":[{"time":0,"angle":0,"curve":[0.25,0,0.75,1]},{"time":1.6667,"angle":-7.2,"curve":[0.25,0,0.75,1]},{"time":3.3333,"angle":0}],"translate":[{"time":0,"x":0,"y":0,"curve":"stepped"},{"time":3.3333,"x":0,"y":0}],"scale":[{"time":0,"x":1,"y":1,"curve":"stepped"},{"time":3.3333,"x":1,"y":1}],"shear":[{"time":0,"x":0,"y":0,"curve":"stepped"},{"time":3.3333,"x":0,"y":0}]},"leg1r":{"rotate":[{"time":0,"angle":0,"curve":"stepped"},{"time":3.3333,"angle":0}],"translate":[{"time":0,"x":9.88,"y":0,"curve":"stepped"},{"time":3.3333,"x":9.88,"y":0}],"scale":[{"time":0,"x":1,"y":1,"curve":"stepped"},{"time":3.3333,"x":1,"y":1}],"shear":[{"time":0,"x":0,"y":0,"curve":"stepped"},{"time":3.3333,"x":0,"y":0}]},"leg2r":{"rotate":[{"time":0,"angle":0,"curve":"stepped"},{"time":3.3333,"angle":0}],"translate":[{"time":0,"x":0,"y":0,"curve":"stepped"},{"time":3.3333,"x":0,"y":0}],"scale":[{"time":0,"x":1,"y":1,"curve":"stepped"},{"time":3.3333,"x":1,"y":1}],"shear":[{"time":0,"x":0,"y":0,"curve":"stepped"},{"time":3.3333,"x":0,"y":0}]},"footr":{"rotate":[{"time":0,"angle":3.36,"curve":"stepped"},{"time":3.3333,"angle":3.36}],"translate":[{"time":0,"x":0,"y":0,"curve":"stepped"},{"time":3.3333,"x":0,"y":0}],"scale":[{"time":0,"x":1,"y":1,"curve":"stepped"},{"time":3.3333,"x":1,"y":1}],"shear":[{"time":0,"x":0,"y":0,"curve":"stepped"},{"time":3.3333,"x":0,"y":0}]},"legr":{"rotate":[{"time":0,"angle":0,"curve":"stepped"},{"time":3.3333,"angle":0}],"translate":[{"time":0,"x":-65.62,"y":-215.4,"curve":"stepped"},{"time":3.3333,"x":-65.62,"y":-215.4}],"scale":[{"time":0,"x":1,"y":1,"curve":"stepped"},{"time":3.3333,"x":1,"y":1}],"shear":[{"time":0,"x":0,"y":0,"curve":"stepped"},{"time":3.3333,"x":0,"y":0}]},"footr2":{"rotate":[{"time":0,"angle":0,"curve":"stepped"},{"time":3.3333,"angle":0}],"translate":[{"time":0,"x":-62.52,"y":-364.6,"curve":"stepped"},{"time":3.3333,"x":-62.52,"y":-364.6}],"scale":[{"time":0,"x":1,"y":1,"curve":"stepped"},{"time":3.3333,"x":1,"y":1}],"shear":[{"time":0,"x":0,"y":0,"curve":"stepped"},{"time":3.3333,"x":0,"y":0}]},"book":{"rotate":[{"time":0,"angle":6,"curve":"stepped"},{"time":3.3333,"angle":6}],"translate":[{"time":0,"x":273.72,"y":123.71,"curve":"stepped"},{"time":3.3333,"x":273.72,"y":123.71}],"scale":[{"time":0,"x":1,"y":1,"curve":"stepped"},{"time":3.3333,"x":1,"y":1}],"shear":[{"time":0,"x":0,"y":0,"curve":"stepped"},{"time":3.3333,"x":0,"y":0}]}}},"part_touch_stay":{"bones":{"body":{"rotate":[{"time":0,"angle":0,"curve":[0.25,0,0.75,1]},{"time":0.5667,"angle":-3.79,"curve":[0.25,0,0.75,1]},{"time":1.6667,"angle":0.77,"curve":[0.25,0,0.75,1]},{"time":3.3333,"angle":0}],"translate":[{"time":0,"x":0,"y":0,"curve":"stepped"},{"time":3.3333,"x":0,"y":0}],"scale":[{"time":0,"x":1,"y":1,"curve":"stepped"},{"time":3.3333,"x":1,"y":1}],"shear":[{"time":0,"x":0,"y":0,"curve":"stepped"},{"time":3.3333,"x":0,"y":0}]},"root":{"rotate":[{"time":0,"angle":0,"curve":"stepped"},{"time":3.3333,"angle":0}],"translate":[{"time":0,"x":0,"y":0,"curve":"stepped"},{"time":3.3333,"x":0,"y":0}],"scale":[{"time":0,"x":1,"y":1,"curve":"stepped"},{"time":3.3333,"x":1,"y":1}],"shear":[{"time":0,"x":0,"y":0,"curve":"stepped"},{"time":3.3333,"x":0,"y":0}]},"position":{"rotate":[{"time":0,"angle":0,"curve":"stepped"},{"time":3.3333,"angle":0}],"translate":[{"time":0,"x":0,"y":0,"curve":"stepped"},{"time":3.3333,"x":0,"y":0}],"scale":[{"time":0,"x":1,"y":1,"curve":"stepped"},{"time":3.3333,"x":1,"y":1}],"shear":[{"time":0,"x":0,"y":0,"curve":"stepped"},{"time":3.3333,"x":0,"y":0}]},"center":{"rotate":[{"time":0,"angle":0,"curve":"stepped"},{"time":3.3333,"angle":0}],"translate":[{"time":0,"x":0,"y":0,"curve":[0.25,0,0.75,1]},{"time":0.5667,"x":20,"y":0,"curve":"stepped"},{"time":1.6667,"x":20,"y":0,"curve":[0.25,0,0.75,1]},{"time":3.3333,"x":0,"y":0}],"scale":[{"time":0,"x":1,"y":1,"curve":"stepped"},{"time":3.3333,"x":1,"y":1}],"shear":[{"time":0,"x":0,"y":0,"curve":"stepped"},{"time":3.3333,"x":0,"y":0}]},"body2":{"rotate":[{"time":0,"angle":0,"curve":"stepped"},{"time":3.3333,"angle":0}],"translate":[{"time":0,"x":0,"y":0,"curve":"stepped"},{"time":3.3333,"x":0,"y":0}],"scale":[{"time":0,"x":1,"y":1,"curve":"stepped"},{"time":3.3333,"x":1,"y":1}],"shear":[{"time":0,"x":0,"y":0,"curve":"stepped"},{"time":3.3333,"x":0,"y":0}]},"neck":{"rotate":[{"time":0,"angle":0,"curve":"stepped"},{"time":1.4,"angle":0,"curve":[0.25,0,0.75,1]},{"time":1.9333,"angle":1.94,"curve":[0.25,0,0.75,1]},{"time":3.3333,"angle":0}],"translate":[{"time":0,"x":0,"y":0,"curve":"stepped"},{"time":3.3333,"x":0,"y":0}],"scale":[{"time":0,"x":1,"y":1,"curve":"stepped"},{"time":3.3333,"x":1,"y":1}],"shear":[{"time":0,"x":0,"y":0,"curve":"stepped"},{"time":3.3333,"x":0,"y":0}]},"leg1r":{"rotate":[{"time":0,"angle":0,"curve":"stepped"},{"time":3.3333,"angle":0}],"translate":[{"time":0,"x":0,"y":0,"curve":"stepped"},{"time":3.3333,"x":0,"y":0}],"scale":[{"time":0,"x":1,"y":1,"curve":"stepped"},{"time":3.3333,"x":1,"y":1}],"shear":[{"time":0,"x":0,"y":0,"curve":"stepped"},{"time":3.3333,"x":0,"y":0}]},"leg2r":{"rotate":[{"time":0,"angle":0,"curve":"stepped"},{"time":3.3333,"angle":0}],"translate":[{"time":0,"x":0,"y":0,"curve":"stepped"},{"time":3.3333,"x":0,"y":0}],"scale":[{"time":0,"x":1,"y":1,"curve":"stepped"},{"time":3.3333,"x":1,"y":1}],"shear":[{"time":0,"x":0,"y":0,"curve":"stepped"},{"time":3.3333,"x":0,"y":0}]},"footr":{"rotate":[{"time":0,"angle":0.14,"curve":"stepped"},{"time":3.3333,"angle":0.14}],"translate":[{"time":0,"x":0,"y":0,"curve":"stepped"},{"time":3.3333,"x":0,"y":0}],"scale":[{"time":0,"x":1,"y":1,"curve":"stepped"},{"time":3.3333,"x":1,"y":1}],"shear":[{"time":0,"x":0,"y":0,"curve":"stepped"},{"time":3.3333,"x":0,"y":0}]},"legr":{"rotate":[{"time":0,"angle":0,"curve":"stepped"},{"time":3.3333,"angle":0}],"translate":[{"time":0,"x":0,"y":0,"curve":"stepped"},{"time":3.3333,"x":0,"y":0}],"scale":[{"time":0,"x":1,"y":1,"curve":"stepped"},{"time":3.3333,"x":1,"y":1}],"shear":[{"time":0,"x":0,"y":0,"curve":"stepped"},{"time":3.3333,"x":0,"y":0}]},"footr2":{"rotate":[{"time":0,"angle":0,"curve":"stepped"},{"time":3.3333,"angle":0}],"translate":[{"time":0,"x":0,"y":0,"curve":"stepped"},{"time":3.3333,"x":0,"y":0}],"scale":[{"time":0,"x":1,"y":1,"curve":"stepped"},{"time":3.3333,"x":1,"y":1}],"shear":[{"time":0,"x":0,"y":0,"curve":"stepped"},{"time":3.3333,"x":0,"y":0}]},"book":{"rotate":[{"time":0,"angle":0,"curve":"stepped"},{"time":3.3333,"angle":0}],"translate":[{"time":0,"x":0,"y":0,"curve":"stepped"},{"time":3.3333,"x":0,"y":0}],"scale":[{"time":0,"x":1,"y":1,"curve":"stepped"},{"time":3.3333,"x":1,"y":1}],"shear":[{"time":0,"x":0,"y":0,"curve":"stepped"},{"time":3.3333,"x":0,"y":0}]}}},"sleep":{"slots":{"凳子":{"color":[{"time":0,"color":"ffffff00","curve":"stepped"},{"time":3.3333,"color":"ffffff00"}]}},"bones":{"root":{"rotate":[{"time":0,"angle":0,"curve":"stepped"},{"time":3.3333,"angle":0}],"translate":[{"time":0,"x":0,"y":0,"curve":"stepped"},{"time":3.3333,"x":0,"y":0}],"scale":[{"time":0,"x":1,"y":1,"curve":"stepped"},{"time":3.3333,"x":1,"y":1}],"shear":[{"time":0,"x":0,"y":0,"curve":"stepped"},{"time":3.3333,"x":0,"y":0}]},"position":{"rotate":[{"time":0,"angle":0,"curve":"stepped"},{"time":3.3333,"angle":0}],"translate":[{"time":0,"x":-79.16,"y":0,"curve":"stepped"},{"time":3.3333,"x":-79.16,"y":0}],"scale":[{"time":0,"x":1,"y":1,"curve":"stepped"},{"time":3.3333,"x":1,"y":1}],"shear":[{"time":0,"x":0,"y":0,"curve":"stepped"},{"time":3.3333,"x":0,"y":0}]},"center":{"rotate":[{"time":0,"angle":-56.87,"curve":"stepped"},{"time":3.3333,"angle":-56.87}],"translate":[{"time":0,"x":45.69,"y":-280.41,"curve":"stepped"},{"time":3.3333,"x":45.69,"y":-280.41}],"scale":[{"time":0,"x":1,"y":1,"curve":"stepped"},{"time":3.3333,"x":1,"y":1}],"shear":[{"time":0,"x":7.66,"y":4.83,"curve":"stepped"},{"time":3.3333,"x":7.66,"y":4.83}]},"body":{"rotate":[{"time":0,"angle":3.27,"curve":"stepped"},{"time":3.3333,"angle":3.27}],"translate":[{"time":0,"x":0,"y":0,"curve":"stepped"},{"time":3.3333,"x":0,"y":0}],"scale":[{"time":0,"x":1,"y":1,"curve":"stepped"},{"time":3.3333,"x":1,"y":1}],"shear":[{"time":0,"x":0,"y":0,"curve":"stepped"},{"time":3.3333,"x":0,"y":0}]},"body2":{"rotate":[{"time":0,"angle":0,"curve":"stepped"},{"time":3.3333,"angle":0}],"translate":[{"time":0,"x":0,"y":0,"curve":"stepped"},{"time":3.3333,"x":0,"y":0}],"scale":[{"time":0,"x":1,"y":1,"curve":"stepped"},{"time":3.3333,"x":1,"y":1}],"shear":[{"time":0,"x":0,"y":0,"curve":"stepped"},{"time":3.3333,"x":0,"y":0}]},"neck":{"rotate":[{"time":0,"angle":0,"curve":"stepped"},{"time":3.3333,"angle":0}],"translate":[{"time":0,"x":0,"y":0,"curve":"stepped"},{"time":3.3333,"x":0,"y":0}],"scale":[{"time":0,"x":1,"y":1,"curve":"stepped"},{"time":3.3333,"x":1,"y":1}],"shear":[{"time":0,"x":0,"y":0,"curve":"stepped"},{"time":3.3333,"x":0,"y":0}]},"leg1r":{"rotate":[{"time":0,"angle":0,"curve":"stepped"},{"time":3.3333,"angle":0}],"translate":[{"time":0,"x":9.88,"y":0,"curve":"stepped"},{"time":3.3333,"x":9.88,"y":0}],"scale":[{"time":0,"x":1,"y":1,"curve":"stepped"},{"time":3.3333,"x":1,"y":1}],"shear":[{"time":0,"x":0,"y":0,"curve":"stepped"},{"time":3.3333,"x":0,"y":0}]},"leg2r":{"rotate":[{"time":0,"angle":0,"curve":"stepped"},{"time":3.3333,"angle":0}],"translate":[{"time":0,"x":0,"y":0,"curve":"stepped"},{"time":3.3333,"x":0,"y":0}],"scale":[{"time":0,"x":1,"y":1,"curve":"stepped"},{"time":3.3333,"x":1,"y":1}],"shear":[{"time":0,"x":0,"y":0,"curve":"stepped"},{"time":3.3333,"x":0,"y":0}]},"footr":{"rotate":[{"time":0,"angle":3.36,"curve":"stepped"},{"time":3.3333,"angle":3.36}],"translate":[{"time":0,"x":0,"y":0,"curve":"stepped"},{"time":3.3333,"x":0,"y":0}],"scale":[{"time":0,"x":1,"y":1,"curve":"stepped"},{"time":3.3333,"x":1,"y":1}],"shear":[{"time":0,"x":0,"y":0,"curve":"stepped"},{"time":3.3333,"x":0,"y":0}]},"legr":{"rotate":[{"time":0,"angle":0,"curve":"stepped"},{"time":3.3333,"angle":0}],"translate":[{"time":0,"x":-65.62,"y":-215.4,"curve":"stepped"},{"time":3.3333,"x":-65.62,"y":-215.4}],"scale":[{"time":0,"x":1,"y":1,"curve":"stepped"},{"time":3.3333,"x":1,"y":1}],"shear":[{"time":0,"x":0,"y":0,"curve":"stepped"},{"time":3.3333,"x":0,"y":0}]},"footr2":{"rotate":[{"time":0,"angle":0,"curve":"stepped"},{"time":3.3333,"angle":0}],"translate":[{"time":0,"x":-201.12,"y":-328.6,"curve":"stepped"},{"time":3.3333,"x":-201.12,"y":-328.6}],"scale":[{"time":0,"x":1,"y":1,"curve":"stepped"},{"time":3.3333,"x":1,"y":1}],"shear":[{"time":0,"x":0,"y":0,"curve":"stepped"},{"time":3.3333,"x":0,"y":0}]},"book":{"rotate":[{"time":0,"angle":6,"curve":"stepped"},{"time":3.3333,"angle":6}],"translate":[{"time":0,"x":273.72,"y":123.71,"curve":"stepped"},{"time":3.3333,"x":273.72,"y":123.71}],"scale":[{"time":0,"x":1,"y":1,"curve":"stepped"},{"time":3.3333,"x":1,"y":1}],"shear":[{"time":0,"x":0,"y":0,"curve":"stepped"},{"time":3.3333,"x":0,"y":0}]}}},"walk":{"slots":{"凳子":{"color":[{"time":0,"color":"ffffff00"}]}},"bones":{"legr":{"rotate":[{"time":0,"angle":0,"curve":"stepped"},{"time":0.6667,"angle":0}],"translate":[{"time":0,"x":0,"y":0},{"time":0.6667,"x":20.59,"y":-13.43}],"scale":[{"time":0,"x":1,"y":1,"curve":"stepped"},{"time":0.6667,"x":1,"y":1}],"shear":[{"time":0,"x":0,"y":0,"curve":"stepped"},{"time":0.6667,"x":0,"y":0}]},"footr2":{"rotate":[{"time":0,"angle":0,"curve":"stepped"},{"time":0.3333,"angle":0,"curve":"stepped"},{"time":0.6667,"angle":0}],"translate":[{"time":0,"x":0,"y":0},{"time":0.1667,"x":-28.71,"y":-39.15},{"time":0.3333,"x":23.04,"y":-11.52},{"time":0.5,"x":45.12,"y":-13.32},{"time":0.6667,"x":0,"y":0}],"scale":[{"time":0,"x":1,"y":1,"curve":"stepped"},{"time":0.3333,"x":1,"y":1,"curve":"stepped"},{"time":0.6667,"x":1,"y":1}],"shear":[{"time":0,"x":0,"y":0,"curve":"stepped"},{"time":0.3333,"x":0,"y":0,"curve":"stepped"},{"time":0.6667,"x":0,"y":0}]},"root":{"rotate":[{"time":0,"angle":0,"curve":"stepped"},{"time":0.6667,"angle":0}],"translate":[{"time":0,"x":0,"y":0,"curve":"stepped"},{"time":0.6667,"x":0,"y":0}],"scale":[{"time":0,"x":1,"y":1,"curve":"stepped"},{"time":0.6667,"x":1,"y":1}],"shear":[{"time":0,"x":0,"y":0,"curve":"stepped"},{"time":0.6667,"x":0,"y":0}]},"position":{"rotate":[{"time":0,"angle":0,"curve":"stepped"},{"time":0.6667,"angle":0}],"translate":[{"time":0,"x":0,"y":0,"curve":"stepped"},{"time":0.6667,"x":0,"y":0}],"scale":[{"time":0,"x":1,"y":1,"curve":"stepped"},{"time":0.6667,"x":1,"y":1}],"shear":[{"time":0,"x":0,"y":0,"curve":"stepped"},{"time":0.6667,"x":0,"y":0}]},"center":{"rotate":[{"time":0,"angle":0,"curve":"stepped"},{"time":0.6667,"angle":0}],"translate":[{"time":0,"x":0,"y":0,"curve":[0.25,0,0.75,1]},{"time":0.3333,"x":0,"y":-5.01,"curve":[0.25,0,0.75,1]},{"time":0.6667,"x":0,"y":0}],"scale":[{"time":0,"x":1,"y":1,"curve":"stepped"},{"time":0.6667,"x":1,"y":1}],"shear":[{"time":0,"x":0,"y":0,"curve":"stepped"},{"time":0.6667,"x":0,"y":0}]},"body":{"rotate":[{"time":0,"angle":0,"curve":"stepped"},{"time":0.6667,"angle":0}],"translate":[{"time":0,"x":0,"y":0,"curve":"stepped"},{"time":0.6667,"x":0,"y":0}],"scale":[{"time":0,"x":1,"y":1,"curve":"stepped"},{"time":0.6667,"x":1,"y":1}],"shear":[{"time":0,"x":0,"y":0,"curve":"stepped"},{"time":0.6667,"x":0,"y":0}]},"body2":{"rotate":[{"time":0,"angle":0,"curve":"stepped"},{"time":0.6667,"angle":0}],"translate":[{"time":0,"x":0,"y":0,"curve":"stepped"},{"time":0.6667,"x":0,"y":0}],"scale":[{"time":0,"x":1,"y":1,"curve":"stepped"},{"time":0.6667,"x":1,"y":1}],"shear":[{"time":0,"x":0,"y":0,"curve":"stepped"},{"time":0.6667,"x":0,"y":0}]},"neck":{"rotate":[{"time":0,"angle":0,"curve":"stepped"},{"time":0.6667,"angle":0}],"translate":[{"time":0,"x":0,"y":0,"curve":"stepped"},{"time":0.6667,"x":0,"y":0}],"scale":[{"time":0,"x":1,"y":1,"curve":"stepped"},{"time":0.6667,"x":1,"y":1}],"shear":[{"time":0,"x":0,"y":0,"curve":"stepped"},{"time":0.6667,"x":0,"y":0}]},"leg1r":{"rotate":[{"time":0,"angle":0},{"time":0.1667,"angle":-26.12},{"time":0.3333,"angle":7.14},{"time":0.5,"angle":21.15},{"time":0.6667,"angle":0}],"translate":[{"time":0,"x":0,"y":0,"curve":"stepped"},{"time":0.1667,"x":0,"y":0,"curve":"stepped"},{"time":0.3333,"x":0,"y":0,"curve":"stepped"},{"time":0.6667,"x":0,"y":0}],"scale":[{"time":0,"x":1,"y":1,"curve":"stepped"},{"time":0.1667,"x":1,"y":1,"curve":"stepped"},{"time":0.3333,"x":1,"y":1,"curve":"stepped"},{"time":0.6667,"x":1,"y":1}],"shear":[{"time":0,"x":0,"y":0,"curve":"stepped"},{"time":0.1667,"x":0,"y":0,"curve":"stepped"},{"time":0.3333,"x":0,"y":0,"curve":"stepped"},{"time":0.6667,"x":0,"y":0}]},"leg2r":{"rotate":[{"time":0,"angle":0},{"time":0.1667,"angle":16.53},{"time":0.3333,"angle":6.3},{"time":0.5,"angle":5.52},{"time":0.6667,"angle":0}],"translate":[{"time":0,"x":0,"y":0,"curve":"stepped"},{"time":0.1667,"x":0,"y":0,"curve":"stepped"},{"time":0.3333,"x":0,"y":0,"curve":"stepped"},{"time":0.6667,"x":0,"y":0}],"scale":[{"time":0,"x":1,"y":1,"curve":"stepped"},{"time":0.1667,"x":1,"y":1,"curve":"stepped"},{"time":0.3333,"x":1,"y":1,"curve":"stepped"},{"time":0.6667,"x":1,"y":1}],"shear":[{"time":0,"x":0,"y":0,"curve":"stepped"},{"time":0.1667,"x":0,"y":0,"curve":"stepped"},{"time":0.3333,"x":0,"y":0,"curve":"stepped"},{"time":0.6667,"x":0,"y":0}]},"footr":{"rotate":[{"time":0,"angle":0.14,"curve":"stepped"},{"time":0.6667,"angle":0.14}],"translate":[{"time":0,"x":0,"y":0,"curve":"stepped"},{"time":0.6667,"x":0,"y":0}],"scale":[{"time":0,"x":1,"y":1,"curve":"stepped"},{"time":0.6667,"x":1,"y":1}],"shear":[{"time":0,"x":0,"y":0,"curve":"stepped"},{"time":0.6667,"x":0,"y":0}]},"book":{"rotate":[{"time":0,"angle":0,"curve":"stepped"},{"time":0.6667,"angle":0}],"translate":[{"time":0,"x":0,"y":0,"curve":"stepped"},{"time":0.6667,"x":0,"y":0}],"scale":[{"time":0,"x":1,"y":1,"curve":"stepped"},{"time":0.6667,"x":1,"y":1}],"shear":[{"time":0,"x":0,"y":0,"curve":"stepped"},{"time":0.6667,"x":0,"y":0}]}},"ik":{"footr":[{"time":0,"curve":"stepped"},{"time":0.3333,"curve":"stepped"},{"time":0.6667}],"legr":[{"time":0,"mix":0.5,"curve":"stepped"},{"time":0.6667,"mix":0.5}]}}}}